{
  "gizmos-infos": {
    "is2D": false,
    "is3DIcon": false,
    "iconSize": 2,
    "gridVisible": true,
    "gridColor": [
      150,
      150,
      150,
      255
    ],
    "isIconGizmo3D": false,
    "iconGizmoSize": 2,
    "isGridVisible": true
  },
  "camera-infos": {
    "f46876e4-e81b-4931-b493-6d367be385e7": {
      "position": {
        "x": 50,
        "y": 50,
        "z": 50
      },
      "rotation": {
        "x": -0.27984814233312133,
        "y": 0.3647051996310009,
        "z": 0.11591689595929514,
        "w": 0.8804762392171493
      },
      "viewCenter": {
        "x": 0,
        "y": 0,
        "z": 0
      }
    },
    "537bd8f3-4139-4496-b3a9-dc82361d2e17": {
      "position": {
        "x": 50,
        "y": 50,
        "z": 50
      },
      "rotation": {
        "x": -0.27984814233312133,
        "y": 0.3647051996310009,
        "z": 0.11591689595929514,
        "w": 0.8804762392171493
      },
      "viewCenter": {
        "x": 0,
        "y": 0,
        "z": 0
      }
    },
    "ee6cac90-74b0-4289-8920-564c902eec3b": {
      "position": {
        "x": 640,
        "y": 400,
        "z": 555.963171650995
      },
      "rotation": {
        "x": 0,
        "y": 0,
        "z": 0,
        "w": 1
      },
      "viewCenter": {
        "x": 640,
        "y": 400,
        "z": 0
      }
    },
    "1cb45b34-849a-4b78-a743-e1f3747afb47": {
      "position": {
        "x": 0.4223016017980612,
        "y": 1.1705940441756013,
        "z": 3.056365642533528
      },
      "rotation": {
        "x": -0.17989371460397457,
        "y": 0.06747257244104934,
        "z": 0.012369304745747404,
        "w": 0.9812913449706351
      },
      "viewCenter": {
        "x": 0,
        "y": 0,
        "z": 0
      }
    },
    "3c986474-a437-431f-a5aa-325b11ec08d9": {
      "position": {
        "x": 0.2717779061689219,
        "y": 1.0836234696889384,
        "z": 3.1915930591263364
      },
      "rotation": {
        "x": -0.11327911142761804,
        "y": 0.02795976009583408,
        "z": 0.0031890552444517155,
        "w": 0.9931646009882756
      },
      "viewCenter": {
        "x": 0.09000838554036655,
        "y": 0.33688504454363166,
        "z": -0.03418528865792414
      }
    },
    "efa98fcb-31f1-4b66-afdb-79faccc71879": {
      "position": {
        "x": 1.732050807568875,
        "y": 1.732050807568875,
        "z": 1.732050807568875
      },
      "rotation": {
        "x": -0.27984814233312133,
        "y": 0.3647051996310009,
        "z": 0.11591689595929514,
        "w": 0.8804762392171493
      },
      "viewCenter": {
        "x": 0,
        "y": 0,
        "z": 0
      }
    },
    "8ac8a78a-8185-4b12-8a37-4bd9e766c21c": {
      "position": {
        "x": 10.496521316206348,
        "y": 10.496521316206353,
        "z": 10.496521316206358
      },
      "rotation": {
        "x": -0.27984814233312133,
        "y": 0.3647051996310009,
        "z": 0.11591689595929514,
        "w": 0.8804762392171493
      },
      "viewCenter": {
        "x": 0,
        "y": 0,
        "z": 0
      }
    },
    "50cbfbc4-a976-4d6b-9455-4b09d855f951": {
      "position": {
        "x": 3.8345400004066805,
        "y": 13.762244144515682,
        "z": 26.92751832783025
      },
      "rotation": {
        "x": -0.17757756607856645,
        "y": -0.003848566902838391,
        "z": -0.000694461754277288,
        "w": 0.9840990368257042
      },
      "viewCenter": {
        "x": 4.0565518481027745,
        "y": 3.173406499824882,
        "z": -1.456852990615289
      }
    },
    "4a9fe20c-67ef-476b-b7d9-c74b3c067735": {
      "position": {
        "x": 43.132696193432,
        "y": 48.53005527382389,
        "z": 132.6575765031756
      },
      "rotation": {
        "x": -0.1645673466352894,
        "y": 0.15434605125669,
        "z": 0.026081950764547477,
        "w": 0.9738658104313981
      },
      "viewCenter": {
        "x": 0,
        "y": 0,
        "z": 0
      }
    },
    "fe44f2ec-c9b9-47cd-807a-c29fd163f445": {
      "position": {
        "x": 488.1320852199633,
        "y": 332.1275921342316,
        "z": 208.57429084368422
      },
      "rotation": {
        "x": -0.028870513072537175,
        "y": 0.019382408350424995,
        "z": 0.0005599187863739228,
        "w": 0.9993950681349286
      },
      "viewCenter": {
        "x": 480,
        "y": 320,
        "z": -1
      }
    },
    "3da307a8-4a6a-430a-8078-f458c3fd6104": {
      "position": {
        "x": 653.2050807568878,
        "y": 493.2050807568877,
        "z": 173.2050807568877
      },
      "rotation": {
        "x": -0.27984814233312133,
        "y": 0.3647051996310009,
        "z": 0.11591689595929514,
        "w": 0.8804762392171493
      },
      "viewCenter": {
        "x": 480,
        "y": 320,
        "z": 0
      }
    },
    "770da78e-2227-426a-b5f1-d47968ed98c6": {
      "position": {
        "x": 1.6604704914337844,
        "y": 1.1382951332204243,
        "z": 2.22421265547257
      },
      "rotation": {
        "x": -0.18351004421788536,
        "y": 0.3092279974803705,
        "z": 0.06094416416485778,
        "w": 0.9311218599623129
      },
      "viewCenter": {
        "x": 0,
        "y": 0,
        "z": 0
      }
    },
    "6852b850-c8d2-4ab3-bb17-1734786009bb": {
      "position": {
        "x": 1.4529460846943398,
        "y": 1.4529460846943398,
        "z": 1.4529460846943398
      },
      "rotation": {
        "x": -0.27984814233312133,
        "y": 0.3647051996310009,
        "z": 0.11591689595929514,
        "w": 0.8804762392171493
      },
      "viewCenter": {
        "x": 0,
        "y": 0,
        "z": 0
      }
    },
    "bfb9483b-a8f3-4943-9bd7-00ad84b2a798": {
      "position": {
        "x": 3.5894899384592533,
        "y": 3.5894899384592627,
        "z": 3.5894899384592747
      },
      "rotation": {
        "x": -0.27984814233312133,
        "y": 0.3647051996310009,
        "z": 0.11591689595929514,
        "w": 0.8804762392171493
      },
      "viewCenter": {
        "x": 0,
        "y": 0,
        "z": 0
      }
    },
    "71e5cd70-2254-4731-b803-b9db8acbce47": {
      "position": {
        "x": -0.0268808236467137,
        "y": 3.6669150050256896,
        "z": 7.817706415179705
      },
      "rotation": {
        "x": -0.1589861906171029,
        "y": 0.003633103998174406,
        "z": 0.0005850588538703228,
        "w": 0.9872739485343156
      },
      "viewCenter": {
        "x": -0.08578623566967969,
        "y": 1.0205266618947872,
        "z": -0.18577920017329141
      }
    },
    "f4d9529f-0da5-41a5-85c8-a48085583d3f": {
      "position": {
        "x": 0.46410393935332195,
        "y": 4.091029317918071,
        "z": 6.701204674518181
      },
      "rotation": {
        "x": -0.2712189375019015,
        "y": 0.017461678110919917,
        "z": 0.004921238691369175,
        "w": 0.962346693841483
      },
      "viewCenter": {
        "x": 0.22279446584082585,
        "y": 0.018221778813833023,
        "z": 0.05387914286184259
      }
    },
    "f47eb930-8da3-47fb-bb4f-9a7358bcd162": {
      "position": {
        "x": 480,
        "y": 320,
        "z": 320.19867
      },
      "rotation": {
        "x": 0,
        "y": 0,
        "z": 0,
        "w": 1
      },
      "viewCenter": {
        "x": 480,
        "y": 320,
        "z": 0
      }
    },
    "f2e41530-c069-41e2-ae3f-dcc344e2a49a": {
      "position": {
        "x": 0.07341703582588556,
        "y": 1.1804491278168243,
        "z": 6.974267389261543
      },
      "rotation": {
        "x": -0.08373048797566997,
        "y": 0.005244721496029115,
        "z": 0.0004406967499850735,
        "w": 0.9964745375904794
      },
      "viewCenter": {
        "x": 0,
        "y": 0,
        "z": 0
      }
    },
    "f98fc42f-3cd6-4bf2-a846-ffe2d2b93e38": {
      "position": {
        "x": 1.4370929106115637,
        "y": 3.1710669378222875,
        "z": 10.529339338801737
      },
      "rotation": {
        "x": -0.1457350094463814,